"GEOID","Commercial","Downtown","Manufacturing","Office","OtherResidential","Planned Development","Recreation","Riverfront","SingleFamily","Urban Mixed"
"390610002001",0.182023287095856,0,0.0553989438320976,0,0.613859420951064,0.0400520638166655,0.108582878002597,0,8.34063017202913e-05,0
"390610007001",0,1,0,0,0,0,0,0,0,0
"390610007002",0,1,0,0,0,0,0,0,0,0
"390610007003",0,0.978354047804493,0,0,0,0.0216412306280508,0,0,0,0
"390610009001",0.708086459863922,0,4.38059762219488e-08,0,0.284152689579307,0.000639476253327755,0.00712111213703168,0,0,0
"390610009002",0.441230937892778,0.336500555946147,0,0,7.12229272683405e-05,0.222191507543072,0,0,0,0
"390610010001",0.804396187851023,0,0.00233194901539476,0,0,0.193270574748412,0,0,0,0
"390610010002",0.700175918267756,0.259803839946836,0,0,0,0,0.040020241785408,0,0,0
"390610011001",0.220702896519961,0.390714105606607,0,0.086592121228827,0.299842607112968,0,0.00179326458409195,0,0.000355004947544359,0
"390610016001",0.64112352199481,0,0,0,0.232810715899499,0,0.0662257360959513,0,0,0.0598400260097403
"390610016002",0.455856614581805,0,0.0361415701852974,0,0.107034410648679,0.0375205690246167,0.0334311475947655,0,0.0248256010933928,0.305190086871444
"390610017001",0.395529920442457,0,0.100548276743936,0,0.435638454388198,0,0.0269245509562874,0,0.0413587974691216,0
"390610018001",0.111809394709527,0,0,0.225106801609534,0.428773948218417,0,1.98820059968574e-08,0,0.234309835580516,0
"390610018002",0.0571966339098344,0,0,0.0426854243425038,0.337639226391922,0.00165947076445738,0.132700027826706,0,0.428119216764577,0
"390610019001",0.0321686942721254,0,0,0.0658917292032945,0.533965119365248,0,0.367974452966359,0,0,0
"390610019002",0.0254457429607047,0,1.23828121073066e-05,0.00236830535222699,0.110727607730224,5.97582760022529e-07,0.830793861090156,0,0.0306515024718213,0
"390610020001",0,0,0,0.171884205191996,0.594724218235434,0.00252393285556052,0.03556932802799,0,0.195298315689019,0
"390610020002",0,0,0,0.383327621160726,0.61096686060672,0,0.00570551823255304,0,0,0
"390610022001",0.150660635877373,0,0.0357721866498125,0.164170614539227,0.134144045283811,0,2.31267599434681e-09,0,0.5152525153371,0
"390610022002",3.24377616106057e-05,0,0,0.236277412382427,0.336126793940751,0.00334676740241435,0,0,0.424216588512796,0
"390610022003",0.032832170473175,0,0,0.260870692194422,0.663240852433977,0.0430562848984256,0,0,0,0
"390610023001",0.00401001904736423,0,0,0.108756041070556,0.525675409695397,0.0529634492499742,0.243448397977036,0,0.0651466829596731,0
"390610025001",0.264591348070261,0,0,0.00121372219083502,0.576715026272663,0.033618591056591,0.017038195359409,0,0.106820764369497,2.30005596609187e-06
"390610025002",0.0119637071384934,0,0.00861053542509302,0,0.219831934890535,6.96001150361418e-05,0.303831475130563,0,0.455692747300279,0
"390610026001",0.133504743860596,0,0,0,0.62342890343824,2.19362396217187e-07,0,0,0.243066133338768,0
"390610026002",0.0484584463377235,0,0.00877400105134859,0.12544624212576,0.273390431549629,0,0.00607569096556271,0,0.389368168556618,0.148487019413358
"390610027001",0.00629117109125194,0,0.00158624730245056,0.0555191631330416,0.197818550445629,0,0.26491110636945,0,0.472496562113113,0.00137719954506402
"390610028001",0.0381901800855359,0,0.878865534878843,0.0121786295804382,0.022056042610308,0.00491110876249283,0.0125383312304474,0,0.0312600736985304,0
"390610028002",0.0697530239377885,0,0.885990348015449,0.00157544467420933,0.0425040600523911,0,0.00017712332016236,0,0,0
"390610029001",0.0532149223338592,0,0,0,0.595668997234054,0.125627986911861,0.158224739719032,0,0.0672530753711292,0
"390610029002",0.000199846161775337,0,0,0,0.798124021766537,0,0.00055246124546624,0,0.201123627848331,0
"390610029003",0.134958929694963,0,0.0492478350881081,0.047176863988268,0.325110991684644,0,0.0732619165558084,0,0.370243462988208,0
"390610030001",0.0769930492475005,0,0,0.0185258842671148,0.341978793653716,0,0.447153127211886,0,0.115348215436457,0
"390610030002",0.000766986262065489,0,0,0.0202902912717683,0.962806980718986,0,0.0161199245348619,0,0,0
"390610030003",0.000247003858782097,0,0,0.00803985979561158,0.596265312691456,5.90382058120461e-05,0.395388785440122,0,0,0
"390610032001",0.0246463983246803,0,0,0.00839623673791459,0.839109571996022,0.0890452903289321,0.0388020628820599,0,0,0
"390610033001",0.0656465887893152,0,0,0.586749363345651,0.318498586814207,0.0189788834855814,0.010125802653815,0,0,0
"390610033002",0.396431767850732,0,0,0.145038595454827,0.40164960311999,0.0558161177344475,0.00106391356224696,0,0,0
"390610036001",0.0205704057531537,0,0,0,0.8041842670325,0,0.0591167534738032,0,0.116128573740543,0
"390610036002",0.103020899465835,0,0.324461496521123,0,0.558938571653143,0,0.00871127813909395,0,0.00486775422080501,0
"390610037001",0.162033673991019,0,0,0.173094586409227,0.520444874123934,0.0637376890972379,0.00940096820624349,0,0.0712875592546542,0
"390610037002",0.00106773548000808,0,0,1.15517421724753e-09,0.998931795766709,0,0,0,0,0
"390610038001",0.0770721889066438,0,0.208361941090546,0,0.234536091935892,0.0609007907295601,0.0500575936917034,0,0.369071200613234,0
"390610038002",0.0731175869943443,0,0,0,0.235715844389641,0,0,0,0.691166568616014,0
"390610038003",0,0,0,0,0.359856319875379,0,0.148705740364183,0,0.491437939760438,0
"390610039001",0.13247531614881,0,0,0,0.102340991442202,0,0.000147775088199394,0,0.765035917320789,0
"390610039002",0,0,0,0,0.000413251151902348,0,0,0,0.999586748848098,0
"390610039003",0.0609962318060115,0,0,0,0.505347737241713,0,0.0736999213604695,0,0.359955072072474,0
"390610040001",0,0,0,0,0.199725822392336,7.62552431822168e-05,0.000566036965510491,0,0.799631885398971,0
"390610040002",0.0191987874414037,0,0.198765604155254,0,0.169140444766784,0.115519482854678,0.0574131815039666,0,0.4378426409281,0
"390610041001",0.0920179635915494,0,0,0,0.479144138133392,0.0426894765880481,0.0430131459465544,0,0.343135235209579,0
"390610041002",0.0763666725081953,0,0,0.0263016349685139,0.148103528916368,0.0334109841038138,0.140171752974525,0,0.5756454147633,0
"390610042001",0.105127845036718,0,0,0.000162328445325597,0.111965021751717,0.00927918334323721,0.0692858877107978,0,0.704179517848659,0
"390610042002",0.0133055766663046,0,0,0.0322273415554389,0.470832048943938,0.0252511806981865,0.0269988055361493,0,0.431384885115151,0
"390610045001",0.0141689610758689,0,0,0,0.0115848618446169,0,0.226100083298824,0.297526809169713,0.255725577583876,0
"390610046021",0.0541447881770897,0,0,0,0.035444945591634,0.0616208667693306,0,0,0.574708415404802,0
"390610046022",0.0308742039521388,0,0,0,0.288775881156549,0,0.0268720954614949,0,0.653477819429817,0
"390610046023",0.00744687029114093,0,0,0,0.0147560719222052,0,0,0,0.513404524924234,0
"390610046031",0.0165342023205919,0,0,0,0.0373547592018014,0,0,0,0.942390703694866,0
"390610046032",0,0,0,0,0,0,0,0,0.65125160025066,0
"390610046041",0.0323523725097614,0,0,0,0.163889906339789,0.0695798317138031,0,0,0.730677241928474,0
"390610046043",0,0,0,0,0.0237895084418729,0.245680822286496,0,0,0.692010902148264,0
"390610046051",0.0295728202972567,0,0,0,0.223573143907739,0,0.397361396623586,0.0147505244152461,0.249718236073112,0
"390610046052",0.00284379016688633,0,0,0,0.020357835720096,0,0.134330434552289,0.0613737984019159,0.361117876575501,0
"390610047011",0.0179552848677111,0,0,0,0.0629224985412437,0.00389200046160447,0.303830140832484,0,0.611400075296957,0
"390610047012",0.00873364395041275,0,0,0,0.141412205933615,0.0215223335125069,0,0,0.828331816603465,0
"390610047021",0.0258073363554619,0,0.337901164780527,0.0136974811963795,0.0135811063601732,0,0.282208036642278,0.181791224572392,0.0200659233432974,0
"390610048001",0,0,0,0,2.31352813399219e-05,0,0.634855457180914,0,0.353791729659914,0
"390610048002",0.0196994826947511,0,0,0,0.0758047244732923,0,0,0,0.904495792831957,0
"390610048003",0,0,0,0,0,0,0.0089664070654832,0,0.991033592934517,0
"390610049001",0.046199869699872,0,0,0,0.0618738246608132,0,0,0,0.891926305639315,0
"390610049002",0.0527574985308803,0,0,3.53713173516642e-08,0.0720483138416486,0.0379371786017245,0,0,0.837256973654429,0
"390610049003",0.00345997090305262,0,0,0.00851533242312686,0.019295478675055,0,0,0,0.968729209776102,0
"390610049004",0.0167546988359502,0,0,0,0.113578774557266,0,0.0357969317973778,0,0.833869594809406,0
"390610049005",0.00166060109135638,0,0,0,0.0551975186269221,0,1.68878792075574e-05,0,0.943124992402514,0
"390610050001",0.023268916372966,0,0,0,0.0510058652169918,0.0502663089872508,0,0,0.875458903394174,0
"390610050002",0.175327167722846,0,0,0.0966539036648655,0.129338639780133,7.6481629159362e-05,0,0,0.598603800321943,0
"390610050003",0.141395373096201,0,0,0.0291113046383366,0,0,0,0,0.829483092953075,0
"390610050004",0,0,0,0,0.161617572136531,0,0.0956621024370109,0,0.737326009618818,0
"390610050005",0,0,0,0,0.209541472187361,0,0.000711188631930066,0,0.773194614741691,0
"390610051001",0.0452155238108276,0,0,0,0,0,0.0249384159380535,0,0.929846057975785,0
"390610051002",0.0607630534222349,0,0,0,0.0224939121121513,0.0120159876836103,0.00184695754607893,0,0.902880089235925,0
"390610052001",0.013151000171614,0,0.348471474506362,0,0.0860597805768207,0,0,0,0.550405862393058,0
"390610052002",0.128268069684471,0,0,0.0223558006408747,0.103968377734487,0,0,0,0.74540773618743,0
"390610052003",0.0939000932217245,0,0,0.0400544029877029,0.216054419968375,0,0,0,0.649425125495044,0
"390610053011",0.314506943746451,0,0.120495005559244,0.000293415957807622,0.0442427926209817,0.0404797775548083,0,0,0.479982064560708,0
"390610053012",0.176613236485059,0,0.171216696323044,0,0.548265922249152,0.0760897073815655,0,0,0.0278131981894363,0
"390610053013",0.209963292336361,0,0,0.0215031940066892,0.0883890434248289,0.0604195958727818,0,0,0.619724874359339,0
"390610053021",0,0,0.131307943342554,0,0.386023057893919,0,0.00549283493405017,0,0.475488824121117,0
"390610053022",0,0,0.606651379456661,0,0.391035453466314,0,0,0,0.0023131670770252,0
"390610053023",0.0111555515121705,0,0.00240818687557235,0,0.119502484855137,0.0185394321736723,0,0,0.848394344583448,0
"390610054001",0.366206030412388,0,0.374367795046656,0,0.0589384532240525,0.147049055837919,0,0,0.0405178517146337,0
"390610055001",0.0130428413859472,0,0.00710813488621351,0,0.211789854679841,0,0.00268047602078561,0,0.762838416285698,0
"390610055002",0.0168916339012821,0,0.440388569244456,0,0.539014777561032,0.000325737634726653,0,0,0.00337927348928312,0
"390610055003",0.182417027889346,0,0.220509096918259,0.0193356256373067,0.225757968433374,0.214613220596339,0,0,0.137367037275001,0
"390610055004",3.68809978238793e-07,0,0.144041313646927,0,0.145395828195231,0,0.0303678007011783,0,0.385768598033638,0
"390610056001",0.0985212175306873,0,0.0988394299619549,0.0239313152816802,0.0128262934952929,0,0.0582871811473949,0,0.603739706271581,0
"390610056003",0.0135504372530192,0,0.0199987151126005,0,0.084744161572032,0,0.117728434450354,0,0.642250548772455,0
"390610056004",0.0216720810157695,0,0,0,0.0674944274458359,0,0.0211976111711462,0,0.889635880367248,0
"390610056005",0.00907694137391811,0,0,0.00573490906046938,0,0,0.030388833239763,0,0.954799316325849,0
"390610057011",0.0393545205201536,0,0,0,0.120923515293801,0,1.52639035941344e-05,0,0.832658663470879,0
"390610057012",0.132102517906706,0,0,0,0.00848196390060739,0,0,0,0.859415518192687,0
"390610057013",0.0706717790736468,0,0,0,0.0223732321259594,0,0.00189052121089142,0,0.904945616637964,0
"390610057021",0.0234678217668942,0,0,0,0.0296696200364221,0,0.0565203988982609,0,0.404945765656018,0
"390610057022",0.0865575194749422,0,0.0320241814824163,0,0.0914881928291848,0,0.0502255630234501,0,0.369169181852892,0
"390610057023",8.76822365811381e-08,0,0.0858474642196393,0,0.240188576598241,0,0,0,0.673963871499883,0
"390610057024",0.0540478232071837,0,0.123927554133854,0,0.417447872515522,0,0,0,0.389730324983521,0
"390610058001",0.0784951101077752,0,0,0,0.215888195793233,0,0.0161525336598375,0,0.674755062074561,0
"390610058002",0.110891356196013,0,0,0,0.245361418465206,0,0.149414071106856,0,0.494333154231924,0
"390610058003",0.00185326323550747,0,0,0,0.0108467855153815,0,0.191812640531024,0,0.414568077542146,0
"390610058004",0.0588689147087634,0,0,0,0.357356825634569,0,0.0395742219720333,0,0.544198586310125,0
"390610058005",0,0,0,0,0,0,0,0,0.977108306432126,0
"390610059001",0.0603313150408588,0,0.533844463507302,0.00721675606343829,0.13420881026243,0.00021809792382506,0,0,0.234715692810181,0
"390610060001",0.0277743446248788,0,0,0,0.310916534501742,0,0,0,0.658337309538565,0
"390610060002",0.518533902046649,0,0.0533930824563113,0.00333182416169508,0.0423453103665479,0,0,0,0.374747953312672,0
"390610060003",0.08354463491428,0,0,0,0.0572002575667871,0,0.0198692307777124,0,0.495835238541083,0
"390610060004",0,0,0,0,0.911573410239844,0,0,0,0,0
"390610060005",0.028577191499188,0,0,0,0.717641279664282,0,0.0439429424047406,0,0.180279846546393,0
"390610061001",0.129435839463746,0,0.441015186610186,0,0.0102463703851435,0.00317389485559164,0.103173883325076,0,0.295008413447839,0
"390610061002",0.0558407663672234,0,0.209119760873646,0,0,0,0,0,0.728536801699166,0
"390610063001",0.157327429982631,0,0.000224738405356036,0,0.123093800848838,0.271211631315584,0,0,0.418515709986984,0
"390610063003",0,0,0,0,0.0746524838857791,0,0,0,0.925322781172104,0
"390610063004",0.516748980779685,0,0,0,0.0291528951192857,0,0.0196286149623415,0,0.426540985588212,0
"390610063005",0.557049701674256,0,0,0,0.0125573867150534,0.430380445642006,0,0,1.24659686851635e-05,0
"390610064001",0.0140712772298329,0,0,0,0.051176373239684,0.0247671693341107,0,0,0.909985179236405,0
"390610064002",0.0447194282931199,0,0,0,0.324183971724465,0.000450296515517731,0,0,0.630646303466897,0
"390610064003",0.0678946030523586,0,0.590441679144606,0,0.151516552579925,0,0,0,0.190147164758982,0
"390610064004",0.00260836515950006,0,0.633125327174123,0,0.0989780075385751,6.93054799286573e-06,0,0,0.24170203952298,0
"390610065001",0.255619102610875,0,1.10739547423712e-05,0,0.0993071234389956,0,0.322142780428627,0,0.238433170423379,0
"390610065002",0,0,0,0,0.772643501732112,0,0.188418690053772,0,0.00452069964799256,0
"390610065003",0.0236890924270294,0,0,0.043348576977658,0.190638636277145,0,0.0701525885459048,0,0.672171101881399,0
"390610065004",0.0252397863086808,0,0.000200977651564436,0.0303842045982403,0.0702559424709474,0,0.253405654000476,0,0.595672789178957,0
"390610065005",0,0,0,0,0.0286726890458757,0,0.000590345256768339,0,0.970736965697356,0
"390610065006",0,0,0,0,0.0596252277032647,0,0,0,0.939716118393065,0
"390610066001",0.000101520781070797,0,0,0.0234244582244181,0.630437960718274,0,0.0938034289084263,0,0.252232628204946,0
"390610066002",0.0535561611908099,0,0.132723933138459,0,0.47825670126507,0,0.247971815760973,0,0.0874913886446889,0
"390610068001",0.00360346844074397,0,0,0,0.0966017868383156,0,0,0,0.898679471385735,0
"390610068002",0.19182642533772,0,0,0.0515417251567224,0.703709369569369,0,0.0529224799361875,0,0,0
"390610068003",0,0,0,4.63006451734927e-12,0.44017904610275,0,0.0221438578324949,0,0.537677096060125,0
"390610069001",0,0,0,0,0.329860890172814,0,0,0,0.670139085123616,0
"390610069002",0.0708834822678721,0,0,0,0.787330120801786,0.0499390549431244,0.0918392586313455,0,0,0
"390610069003",0.0103128554462337,0,0,0,0.218994638091295,0,0.542504050468637,0,0.228188450568367,0
"390610070001",0.0412915408855011,0,0.052772233116419,0,0.0598726742905293,0,0,0,0.839466657319852,0
"390610070002",0.0408120320334907,0,0,0,0.151076035963076,0,0,0,0.808111932003433,0
"390610070003",0.0269917464580107,0,0,0.220922704445912,0.370711190061837,0,0.00459454406729887,0,0.376779814966942,0
"390610071001",0.0454902953825062,0,0.175310249051777,0,0.039806884591573,0.0558819118089992,0.24476164911672,0,0.438749010048424,0
"390610071002",0.047514265993262,0,0,0,0.1179714010611,0,9.96010860797558e-12,0,0.834514332935678,0
"390610071003",0.0110485556109952,0,0,0,0.0813557019676207,0,0.0196506445521083,0,0.887945097869276,0
"390610072001",0.181862845766226,0,0,0,0.232625336229765,0,3.50387156901657e-05,0,0.585476775771353,0
"390610072002",0.102281891967776,0,0.0110652156314845,0.00922574478310489,0.424016792030395,0,0.0158573414046816,0,0.437553014182557,0
"390610073001",0.0226585306255574,0,0.0378172314943867,0.00144758782345725,0.0532379319444179,0.12076785115273,0.101329745327779,0,0.662741121631671,0
"390610073002",0.0407322492750204,0,0.191134257676512,0.00529585716930971,0.000424162556874803,5.29049688688029e-06,0.0186656819881658,0,0.74061075054802,0
"390610074001",0,0,0.485299042752146,0,0,0,1.70700570668597e-10,0,0.514700957077153,0
"390610074002",0.139222155737237,0,0.523269619299272,0.0316930778428168,0.000266629446482949,0.0985400168401376,0.00635607002543514,0,0.200652430808618,0
"390610074003",0.0263015164080666,0,0,0,0.0246098285859489,0,0.0222356835668984,0,0.926852971439086,0
"390610075001",0.00123386621146384,0,0.116583778969826,0,0.161398810123763,0.0846332179995032,0.124793743492896,0,0.511356583202549,0
"390610075002",0,0,0,8.92182372339261e-07,0.0742847290335318,0,0.442577049620997,0,0.483137329163099,0
"390610077001",0.0461820161280726,0,0.00228858900871112,0,0.507481450071868,0,0.0103222713639842,0,0.433725615939496,0
"390610077002",0.017254661112205,0,0.599564924443718,0,0.0427748463373242,0,0.0396097150604705,0,0.300795853046283,0
"390610078001",0.025981285614008,0,0,0.0435773831185149,0.0714341133796441,0.00828011597853492,0.0128223286868993,0,0.837904773222399,0
"390610078002",0.272758248734536,0,0.0472424060025818,0,0.0898611421522953,0,0.0296196147048523,0,0.560518588405735,0
"390610078003",0.122047979938224,0,0.523943540783777,0,0.00271311675158146,0,0.000749974276182699,0,0.350545388250235,0
"390610079001",0.0442603678546871,0,0,0,0.150977843098371,0.0511342697515296,0.000515828510706492,0,0.753111690784706,0
"390610079002",0.00926313909864768,0,0,0,0.128278333405989,0,0.00475236890902187,0,0.857706126571388,0
"390610080001",0.0127181729759041,0,0.257686671864315,0.0105995889549621,0.660284280044094,0.000192672552705489,0.0413899302204562,0,0.0171286833875629,0
"390610080002",0.00202929101296542,0,0.576320878669215,0.0192084107164412,0.0737922974451997,0.0276093564661248,0.0418078901058915,0,0.245985705208064,0
"390610081001",0.0269567677510674,0,0.338350032953738,0,0.0207999318921614,0,2.27466825468499e-06,0,0.586218949249454,0
"390610081002",0,0,0,0,0.19290034796417,0,0.235684557334038,0,0.571414854201266,0
"390610082011",0,0,0,0,0,0,0,0,0.997051725468548,0
"390610082012",0,0,0,0,0.115893952961588,0,0.0323891149955238,0,0.851716003095866,0
"390610082013",0,0,0,0,0.111246199861833,0,0,0,0.887444489438619,0
"390610082021",0,0,0,0,0.63085217817982,0,0,0,0.369140957194368,0
"390610082022",0,0,0,0,0.395178546039982,0,0.0637925879859914,0,0.541019459683436,0
"390610082023",0.00843952848922037,0,0,0,0.113378673928863,0.0925705406966855,0,0,0.785610861300034,0
"390610083001",0.0144837764246805,0,0,0.00234322374680482,0.529275363864929,0.00075441326135411,0,0,0.14083858066491,0
"390610083002",0.0195605944169954,0,0,0.00410744945450916,0.110830207947383,0,0,0,0.7458142309589,0
"390610083003",0.0363694995850917,0,0,0.00195698036956676,0.0224305916046939,0,0.000122074309099732,0,0.939120853545218,0
"390610084001",0.0173683031959857,0,0,0,0.194909642228725,0.0467343419484994,0.296959387970928,0,0.444028306776732,0
"390610085011",0.00398359888560959,0,0,0,0.00581433114500626,0,0.916285691188969,0,0.0730633750029681,0
"390610085012",0.0111724321179596,0,0,0,0.374967122798913,1.29055717401313e-06,0.448296821476291,0,0.165562332145045,0
"390610085013",0,0,0,0,0.0870211829880681,0,0.00726740609347006,0,0.905711410918462,0
"390610085021",0.0259211487097102,0,0,0,0.391380625024842,0,0.00197110353151736,0,0.580727121022374,0
"390610086011",0.0558953911694703,0,0.232039231417586,0,0,0,0.223572633520084,0,0.48849274389286,0
"390610086012",0.0633808446271735,0,0,0,0.127834782483768,0,0.0390705017655905,0,0.769713863459352,0
"390610086013",0.033584715078441,0,0,0,0.0163950081169152,0,0,0,0.950020276804644,0
"390610086014",0.02736936658282,0,0,0,0.952972899634383,0,0,0,0.0196577337827971,0
"390610088001",0.00740307301049317,0,0,0,0.225536630509226,0,0,0,0.767056149207497,0
"390610088002",0.0029029194248792,0,0,0,0.195234386784657,0,0,0,0.801862693790464,0
"390610092001",0.0245129373513315,0,0.394559961963785,0,0.432650531031395,0,0.0017686564526298,0,0.146507524830479,0
"390610092002",0.0104688317085926,0,0.0557823657794636,0,0.0398196348232146,0,0.119075475148974,0,0.774853692539756,0
"390610092003",0.0836718821576158,0,0,0,0.534373758253144,0,0,0,0.38195435958924,0
"390610093001",0,0,0.0245282818863284,0,0.436690402473809,0,0,0,0.538781315639863,0
"390610093002",0.32796291704543,0,0,0,0.486340281288761,0.0757709468382214,2.34672372816413e-05,0,0.10990110403195,0
"390610093003",0.237217684668446,0,0,0,0.138499194582118,0,0.249048269529063,0,0.37523361284865,0
"390610093004",0.000258119278211787,0,0,0,0.200837955625846,0,0.000215653304986646,0,0.798688271790955,0
"390610094001",0.180885806011048,0,0,0,0.0309560002872714,0,0.0142925978310959,0,0.773865595870584,0
"390610095001",0.101596994197856,0,0,0,0.329285974142045,0,0,0,0.569117031660098,0
"390610095002",0.252872488174611,0,0,0,0,0,0,0,0.747127511825389,0
"390610095003",0.131473929863679,0,0,0,0.063049614018448,0,0,0,0.805476456117873,0
"390610096001",0,0,0.00200209469378277,0,0.366201088512558,0.0294765232320036,0.138958951163303,0,0.463361341271761,0
"390610096002",0.00578601447893996,0,0,0,0.00286712286311146,0,0.0407725242664802,0,0.950574338391468,0
"390610096003",0.0100820292702735,0,0,0,0.340550838736506,0,0,0,0.64936713199322,0
"390610096004",0,0,0,0,0.287642543923016,0.0064711699623432,0.0368342380452363,0,0.669052048069405,0
"390610097001",0.0996597474319596,0,0,0,2.83245161375277e-05,0,0,0,0.900311928051903,0
"390610097002",0,0,0,0,0.178559603752699,0,0,0,0.566976511907002,0
"390610097003",0.00632756570805546,0,0,0.0050457335341574,0.0728243148272192,0,0,0,0.499770988494948,0
"390610097004",0.101603302804408,0,0,0.0176003491695659,0.289787922228573,0,0,0,0.591008425797453,0
"390610097005",0.172269756414232,0,0,0,0.0776030134512801,0,0.0645539657790017,0,0.685573264355486,0
"390610098001",0.0144016266759099,0,0,0,0.230088274903058,0,0.159791780650419,0,0.595718317770613,0
"390610099011",0.0161349955944682,0,0,0.00657430510398809,0.109756547454876,0.037840014013659,0.0459970183403679,0,0.783697119492641,0
"390610099012",0.0225486233920168,0,0,0.00194868475407028,0.0119357853859826,0,0.0434123873917988,0,0.898477246904487,0
"390610099013",0,0,0,0,0,0,0.0145220913945147,0,0.673442543565309,0
"390610099021",0.0101547900015241,0,0,0,0.0577808781701657,0,2.84330913147456e-07,0,0.881388364020419,0
"390610099022",0.0324176251221343,0,0,0.00401180800536659,0.116115380839858,0,0.038686715277608,0,0.808471589192854,0
"390610100021",0,0,0,0,0.503916614100906,0,0,0,0.496083385899093,0
"390610100022",0,0,0,0,0.183767932943217,0,0.167169378612788,0,0.649062688443995,0
"390610100023",0.0379002965073016,0,0,0,0.333898836993096,0,0.00173250425874942,0,0.626468362240853,0
"390610100024",0.00481049624116223,0,0,0.000177639431380416,0.196284056341885,0,0.0581002079933118,0,0.740627599647431,0
"390610100025",0,0,0,0.00423853452137717,0.270159625195887,0.0240279255374785,0.0950580698751625,0,0.606515844870094,0
"390610100031",0.0473074180159061,0,0,0,0.212037602991047,0,0,0,0.740654978993047,0
"390610100032",0.00490551804102727,0,0,0,0.191799078147743,0,0,0,0.80329540381123,0
"390610100033",0,0,0,0,0.0539121051253833,0,0,0,0.946087894874617,0
"390610100041",0.343390359091936,0,0,0.191004107850203,0.271592337844945,0,0,0,0.194013195212917,0
"390610100042",0.014019117416551,0,0,0.00116786969822288,0.546970241212045,0,0.357167792018635,0,0.0806749796545455,0
"390610100043",0,0,0,0,0.0204101646330077,0,0.039285385326356,0,0.940304450040636,0
"390610100051",0.0950759886743721,0,0,0,0.0360004400684898,0,0.124394042133751,0,0.744529529123387,0
"390610101001",0.00425136619153338,0,0,0.0127960516718489,0.0813708751071526,0,0.734562372629804,0,0.163153299792122,0
"390610101002",0,0,0,0,0.182804050536257,0,0.00296416367225073,0,0.814231617992357,0
"390610101003",0,0,0,0,0.218181140787678,0,0.0229991278059418,0,0.7453583096142,0
"390610102011",0.0866144126051184,0,0,0,0.120874823109462,0,0,0,0.767076372151106,0
"390610102012",0.0162651568656152,0,0,0,0.209282561142787,0,0,0,0.774386644955333,0
"390610102013",0.282070665062926,0,0,0.0378469503944085,0.0322297503753849,0,0,0,0.316570064052637,0
"390610102014",0.00486239397213146,0,0,0.00623271023041196,0.0497603911664752,0,0,0,0.939144504630981,0
"390610102015",0.097701200725622,0,0,0.0886219619578729,0.508359447540338,0,0,0,0.305317389776167,0
"390610102021",0,0,0,0,0.168274558527956,0,0.000186776599070229,0,0.831538033711939,0
"390610102022",0,0,0,0,0.071601522644691,0,0,0,0.928398475403134,0
"390610102023",0.00615911260514771,0,0,0.000168748289836872,0.127487190693322,0,0,0,0.866184948411693,0
"390610103001",0.154899047469583,0,0.00474390180336235,0,0.160444305761054,0,0.45406357242851,0.00115736243458467,0.224691810102906,0
"390610103002",0.0184337510437034,0,0.123011264138343,0.000120894553320897,0.0377308150129023,0,0.0482127240333162,0.332208604878828,0.402830740889177,0
"390610104001",0.0189864907673723,0,0.157449402815077,0.00157433740299114,0.0663634354566212,0,0.0364803616321697,0.604234438413447,0.109325010657976,0
"390610104002",0.00178615969864543,0,0,0.00661225340104324,0.424011112759407,0,0,1.65859510627992e-07,0.547079096841162,0
"390610105001",0.0639436869414945,0,0,0,0.0208612596331161,0,0.000608836934009272,5.98360307502022e-07,0.914553066435802,0
"390610105002",0.0380544122499808,0,0,0,0.0528894571686616,0,0,0.041942483289884,0.818260719890151,0
"390610106001",0.0137468409768119,0,0,0,0.0117740083555763,0,0.22551653327025,0.152893261328563,0.559113330715809,0
"390610107002",0.138019175111295,0,0,0,0,0,0,0,0.861789244030994,0
"390610108001",0.0209246311143514,0,0.511397249834841,0.00114212421192012,0.0977658358607718,0,0,0,0.159406852587792,0
"390610109001",0.0812189194612082,0,0,0.0391749094345454,0.239560133397317,0,0.126827327852259,0,0.51321870985467,0
"390610109002",0.417960430214508,0,0.0241787987669816,0.0157421894095674,0.073049263457252,0,2.24291438149454e-06,0,0.348662715119688,0
"390610110001",0.0627092738336173,0,0.0155465161986177,0,0.344443986568694,0,0,0,0.259352951646486,0
"390610110002",0.31618455681301,0,0.397926331037147,0.00590442812021705,0.0843365831052491,0,0,0,0.1956153399821,0
"390610111001",0,0,0,0,0,0,0.125836275363348,0,0.796740651747529,0
"390610208114",5.91440072315579e-06,0,0,0,0.20723191045294,0,0.0975896128030309,0,0.69440682019988,0
"390610263001",0.0598723713018352,0,0.808058918880659,0,0,0,0.0292491659665177,0.0967845629516177,0,0
"390610263002",0.0430313116522556,0,0.772438006836082,0,0.0783761970118701,0,0.0419954163888588,0.039897262881265,0.02424804491202,0
"390610264001",0.0843884609121918,0,4.83804408660306e-08,0,0.631144068667356,0,0.284467422040012,0,0,0
"390610264002",0.00653116695182153,0,0,0,0.590795022976422,0,0.00142482877710043,0,0.401248981294656,0
"390610264003",0.377678654641395,0.0867608997089866,0.0188010136857038,0.0425917368821684,0.37704951496352,0,0.0334644246418795,0,0.0636537495071045,0
"390610265001",0.295781898269204,0.480619208962414,0,0,1.53781151293159e-08,0,0,0,0.223598877390267,0
"390610265002",0.0294867589348624,0.51116711867049,0.126848931328279,0,0,0.187299952913624,0.063108830160705,0.0486642010404156,0,0
"390610266001",0.0423170750740247,0.0411544019617217,0.0176795053636234,0,0.0834609422425659,0.13611428964064,0.291636211317109,0.215533627068905,0.042113596744039,0
"390610266002",0.0734337383535093,0,0,0,0.199218912910433,0,0.0561828068978575,0.507541312336848,0.155214280235836,0
"390610266003",0.135531829325832,0,0.342421832068796,0,0.103950599440719,0,0.025127673119665,0.354106685663103,0.0388609685300447,0
"390610267001",0.158618281259993,0,0.320258360363036,0.188665427439796,0.303950969356487,0.0141664004182511,0.0141649328233099,0,0.000175612927256569,0
"390610267002",0.0854186102218686,0,0.193651771991049,0,0.720929599519876,0,0,0,0,0
"390610268001",0.0433502513262837,0.271339756290385,0,0.0954751088053038,0.267698927231869,2.78026278539036e-07,0.0208749519145465,0,0.301260725086389,0
"390610269001",0.013523693671739,0,0.512039325625141,0.00254358499532334,0.324024156738924,0,0.000255346360790742,0,0,0.147613891015111
"390610269002",0.000530365144875168,0,0,0.00011812723501264,0.999351507620112,0,0,0,0,0
"390610269003",0.0605553539476852,0,0.495397431250352,0,0.189034298583885,0,0.0688039403036219,0,0,0.186208552207861
"390610269004",0.138351438616741,0,7.21303151595523e-05,0.0326758752647292,0.827796108751069,0,0.00110444677668575,0,0,2.75615523837654e-10
"390610270001",0.0615628665790589,0,1.24342787298128e-06,0.00629392829779139,0.795681259578398,0,0.10219489889295,0,0.0342658032239293,0
"390610270002",0.176480509402797,0,0.0485907467856726,0.217368276532576,0.444343399728262,6.92009827912051e-06,0.113210146314942,0,0,0
"390610270003",0.106788201305421,0,0.294352094714323,0.00542235805468956,0.500416856650716,0.0879515242637884,0.00454530823788193,0,0.000523264850564511,0
"390610270004",0.0419957931293335,0,0,0,0.599623305788845,0.283082188383094,0.0752986876425925,0,0,0
"390610271001",0.0567568260700055,0,0,0.00843337700996274,0.0815292444348372,0,0,0,0.85032506551374,0
"390610271002",0.201145071939763,0,0.130051665281511,0.0684821206417859,0.314197804811808,0.0033815956511573,0.262290623250924,0,0,0
"390610271003",0.0467180748557445,0,0.158993467890837,0.000550123137701066,0.364278236416726,0.38960362797782,0,0,0.0398564549493527,0
"390610271004",0.0465710065180803,0,8.23646067920598e-06,6.668577211919e-09,0.309378701778374,0,0,0,0.564715958714516,0
"390610272001",0.0264628936689941,0,0,0,0.141390714653055,0,0,0,0.832146391677951,0
"390610272002",0.30924344188257,0,0.179503846314479,0,0.162763699050887,0,0.0384816167389968,0,0.310007396013067,0
"390610272003",0.134227656165198,0,0,0,0.342437917977977,0,0,0,0.523334425856825,0
